,speed,speed,speed,speed,occupancy,occupancy,occupancy,occupancy,S_vol,S_vol,S_vol,S_vol,S_speed,S_speed,S_speed,S_speed,L_vol,L_vol,L_vol,L_vol,L_speed,L_speed,L_speed,L_speed,T_vol,T_vol,T_vol,T_vol,T_speed,T_speed,T_speed,T_speed
lanes,lane0,lane1,lane2,lane3,lane0,lane1,lane2,lane3,lane0,lane1,lane2,lane3,lane0,lane1,lane2,lane3,lane0,lane1,lane2,lane3,lane0,lane1,lane2,lane3,lane0,lane1,lane2,lane3,lane0,lane1,lane2,lane3
time,,,,,,,,,,,,,,,,,,,,,,,,,,,,,,,,
16:01,81.0,79.0,79.0,72.0,12.0,16.0,11.0,11.0,27.0,22.0,22.0,25.0,80.0,78.0,78.0,71.0,3.0,4.0,0.0,0.0,80.0,79.0,0.0,0.0,0.0,4.0,2.0,0.0,0.0,81.0,81.0,0.0
16:02,90.0,92.0,88.0,81.0,10.0,11.0,10.0,7.0,22.0,26.0,12.0,17.0,89.0,91.0,88.0,81.0,3.0,1.0,2.0,1.0,89.0,91.0,87.0,74.0,0.0,2.0,4.0,0.0,0.0,98.0,86.0,0.0
16:03,83.0,79.0,80.0,69.0,12.0,12.0,9.0,16.0,28.0,22.0,18.0,28.0,82.0,78.0,79.0,68.0,3.0,3.0,3.0,2.0,86.0,88.0,80.0,75.0,0.0,1.0,0.0,1.0,0.0,70.0,0.0,75.0
16:04,77.0,78.0,75.0,62.0,15.0,13.0,12.0,16.0,28.0,28.0,15.0,29.0,76.0,78.0,71.0,61.0,5.0,3.0,3.0,0.0,78.0,75.0,82.0,0.0,0.0,0.0,3.0,0.0,0.0,0.0,82.0,0.0
16:05,90.0,84.0,89.0,82.0,12.0,10.0,8.0,7.0,26.0,16.0,11.0,17.0,90.0,83.0,89.0,82.0,2.0,3.0,2.0,1.0,79.0,87.0,93.0,81.0,1.0,2.0,2.0,0.0,110.0,83.0,84.0,0.0
16:06,84.0,84.0,81.0,74.0,13.0,11.0,10.0,11.0,24.0,20.0,17.0,20.0,83.0,83.0,81.0,74.0,2.0,1.0,3.0,3.0,83.0,81.0,80.0,72.0,2.0,2.0,1.0,0.0,84.0,86.0,81.0,0.0
16:07,78.0,76.0,75.0,79.0,13.0,16.0,10.0,8.0,24.0,28.0,16.0,18.0,78.0,75.0,74.0,78.0,4.0,0.0,3.0,0.0,79.0,0.0,71.0,0.0,1.0,4.0,1.0,1.0,73.0,79.0,96.0,85.0
16:08,83.0,78.0,80.0,86.0,10.0,10.0,11.0,5.0,22.0,16.0,19.0,12.0,83.0,75.0,79.0,85.0,1.0,3.0,3.0,1.0,80.0,83.0,79.0,90.0,1.0,1.0,1.0,0.0,83.0,98.0,92.0,0.0
16:09,86.0,84.0,84.0,84.0,11.0,12.0,9.0,6.0,28.0,16.0,17.0,15.0,85.0,84.0,85.0,82.0,2.0,1.0,3.0,2.0,90.0,83.0,76.0,94.0,0.0,4.0,0.0,0.0,0.0,82.0,0.0,0.0
16:10,81.0,78.0,75.0,71.0,15.0,15.0,12.0,9.0,32.0,24.0,20.0,19.0,80.0,77.0,75.0,70.0,2.0,6.0,3.0,0.0,89.0,80.0,73.0,0.0,2.0,1.0,1.0,0.0,82.0,70.0,77.0,0.0
16:11,80.0,77.0,78.0,69.0,16.0,14.0,13.0,9.0,26.0,24.0,17.0,22.0,79.0,76.0,76.0,68.0,4.0,1.0,4.0,0.0,81.0,84.0,83.0,0.0,2.0,3.0,2.0,0.0,87.0,76.0,80.0,0.0
16:12,92.0,85.0,87.0,79.0,9.0,9.0,8.0,9.0,27.0,21.0,15.0,23.0,91.0,84.0,87.0,78.0,0.0,3.0,2.0,0.0,0.0,90.0,81.0,0.0,0.0,0.0,1.0,0.0,0.0,0.0,95.0,0.0
16:13,85.0,88.0,83.0,74.0,8.0,9.0,10.0,8.0,22.0,19.0,11.0,15.0,84.0,88.0,77.0,74.0,2.0,4.0,5.0,2.0,91.0,87.0,88.0,72.0,0.0,0.0,2.0,0.0,0.0,0.0,101.0,0.0
16:14,75.0,73.0,77.0,72.0,13.0,16.0,12.0,11.0,24.0,26.0,17.0,20.0,73.0,73.0,77.0,71.0,4.0,2.0,6.0,3.0,83.0,70.0,76.0,72.0,0.0,2.0,0.0,0.0,0.0,71.0,0.0,0.0
16:15,72.0,74.0,75.0,72.0,12.0,14.0,15.0,11.0,29.0,25.0,14.0,20.0,71.0,73.0,75.0,73.0,0.0,1.0,2.0,2.0,0.0,73.0,71.0,53.0,0.0,2.0,5.0,0.0,0.0,76.0,75.0,0.0
16:16,84.0,79.0,81.0,78.0,10.0,11.0,10.0,9.0,28.0,19.0,15.0,18.0,83.0,77.0,82.0,73.0,0.0,2.0,2.0,2.0,0.0,90.0,75.0,113.0,0.0,2.0,2.0,0.0,0.0,78.0,79.0,0.0
16:17,78.0,76.0,72.0,68.0,15.0,12.0,16.0,13.0,28.0,23.0,20.0,21.0,77.0,76.0,71.0,68.0,0.0,2.0,3.0,0.0,0.0,80.0,75.0,0.0,3.0,1.0,2.0,2.0,82.0,67.0,75.0,67.0
16:18,71.0,70.0,73.0,69.0,17.0,12.0,11.0,14.0,31.0,27.0,18.0,26.0,70.0,69.0,72.0,68.0,2.0,1.0,2.0,0.0,77.0,69.0,74.0,0.0,2.0,0.0,1.0,1.0,68.0,0.0,82.0,73.0
16:19,89.0,84.0,80.0,73.0,9.0,13.0,8.0,11.0,22.0,27.0,15.0,24.0,89.0,83.0,79.0,72.0,0.0,4.0,3.0,0.0,0.0,86.0,84.0,0.0,1.0,0.0,0.0,0.0,75.0,0.0,0.0,0.0
16:20,84.0,81.0,79.0,80.0,11.0,13.0,15.0,10.0,28.0,20.0,18.0,19.0,84.0,78.0,79.0,79.0,3.0,3.0,7.0,1.0,82.0,88.0,79.0,78.0,0.0,3.0,2.0,1.0,0.0,89.0,78.0,81.0
16:21,82.0,74.0,76.0,74.0,13.0,13.0,11.0,7.0,29.0,26.0,11.0,14.0,81.0,73.0,77.0,74.0,1.0,1.0,3.0,2.0,87.0,76.0,76.0,69.0,1.0,1.0,3.0,0.0,87.0,95.0,70.0,0.0
16:22,86.0,80.0,78.0,83.0,10.0,12.0,13.0,8.0,23.0,21.0,10.0,20.0,85.0,79.0,77.0,83.0,3.0,3.0,7.0,1.0,86.0,82.0,79.0,78.0,0.0,2.0,3.0,0.0,0.0,84.0,76.0,0.0
16:23,81.0,74.0,74.0,77.0,12.0,14.0,15.0,7.0,26.0,22.0,19.0,17.0,81.0,73.0,73.0,76.0,2.0,3.0,4.0,1.0,67.0,73.0,78.0,89.0,1.0,2.0,3.0,0.0,91.0,79.0,74.0,0.0
16:24,69.0,69.0,69.0,72.0,13.0,16.0,15.0,11.0,24.0,22.0,20.0,23.0,69.0,70.0,68.0,72.0,4.0,3.0,3.0,1.0,64.0,62.0,68.0,70.0,0.0,2.0,2.0,0.0,0.0,68.0,74.0,0.0
16:25,75.0,73.0,75.0,71.0,13.0,17.0,11.0,13.0,31.0,29.0,14.0,23.0,74.0,72.0,74.0,70.0,0.0,2.0,5.0,1.0,0.0,74.0,75.0,70.0,0.0,1.0,1.0,1.0,0.0,69.0,83.0,73.0
16:26,83.0,81.0,85.0,75.0,13.0,14.0,11.0,11.0,27.0,28.0,13.0,20.0,82.0,81.0,85.0,74.0,3.0,3.0,8.0,3.0,86.0,79.0,85.0,78.0,0.0,1.0,1.0,0.0,0.0,72.0,78.0,0.0
16:27,78.0,74.0,71.0,72.0,11.0,17.0,10.0,7.0,24.0,24.0,19.0,15.0,77.0,73.0,70.0,71.0,0.0,5.0,3.0,2.0,0.0,73.0,75.0,74.0,2.0,2.0,0.0,0.0,79.0,73.0,0.0,0.0
16:28,74.0,73.0,75.0,74.0,18.0,17.0,12.0,11.0,33.0,26.0,21.0,21.0,73.0,72.0,74.0,73.0,2.0,1.0,0.0,1.0,79.0,70.0,0.0,72.0,1.0,4.0,2.0,1.0,71.0,74.0,75.0,82.0
16:29,89.0,83.0,89.0,71.0,8.0,10.0,8.0,15.0,23.0,24.0,16.0,27.0,88.0,82.0,90.0,71.0,0.0,0.0,1.0,2.0,0.0,0.0,77.0,70.0,1.0,1.0,1.0,1.0,92.0,85.0,84.0,61.0
16:30,82.0,77.0,77.0,64.0,11.0,13.0,14.0,13.0,30.0,21.0,24.0,22.0,81.0,76.0,76.0,63.0,0.0,4.0,3.0,1.0,0.0,76.0,80.0,63.0,0.0,1.0,1.0,1.0,0.0,95.0,67.0,65.0
16:31,76.0,69.0,77.0,75.0,11.0,15.0,13.0,11.0,25.0,24.0,16.0,19.0,76.0,68.0,77.0,74.0,0.0,2.0,5.0,3.0,0.0,76.0,76.0,78.0,1.0,1.0,2.0,1.0,70.0,68.0,79.0,74.0
16:32,89.0,84.0,86.0,80.0,10.0,10.0,9.0,9.0,21.0,18.0,14.0,14.0,89.0,84.0,86.0,79.0,4.0,3.0,3.0,4.0,85.0,85.0,83.0,79.0,0.0,1.0,1.0,0.0,0.0,79.0,80.0,0.0
16:33,77.0,77.0,81.0,74.0,17.0,12.0,11.0,10.0,32.0,25.0,11.0,21.0,76.0,75.0,80.0,74.0,2.0,3.0,6.0,1.0,86.0,88.0,82.0,67.0,2.0,0.0,1.0,0.0,68.0,0.0,80.0,0.0
16:34,80.0,75.0,73.0,74.0,11.0,10.0,16.0,7.0,23.0,20.0,12.0,13.0,79.0,72.0,71.0,70.0,4.0,4.0,7.0,2.0,80.0,89.0,71.0,97.0,0.0,0.0,3.0,0.0,0.0,0.0,83.0,0.0
16:35,82.0,85.0,88.0,76.0,10.0,15.0,9.0,11.0,24.0,17.0,16.0,22.0,81.0,84.0,88.0,75.0,0.0,6.0,3.0,2.0,0.0,83.0,88.0,78.0,1.0,3.0,1.0,0.0,82.0,88.0,79.0,0.0
16:36,92.0,86.0,78.0,66.0,10.0,15.0,11.0,17.0,31.0,27.0,18.0,28.0,91.0,85.0,78.0,65.0,1.0,1.0,2.0,3.0,92.0,89.0,73.0,68.0,0.0,4.0,2.0,0.0,0.0,87.0,77.0,0.0
16:37,90.0,84.0,82.0,73.0,12.0,11.0,11.0,14.0,35.0,22.0,21.0,24.0,89.0,83.0,81.0,72.0,1.0,2.0,2.0,1.0,95.0,85.0,84.0,73.0,0.0,1.0,1.0,2.0,0.0,87.0,76.0,73.0
16:38,80.0,75.0,73.0,75.0,13.0,12.0,14.0,12.0,32.0,28.0,19.0,23.0,79.0,74.0,74.0,75.0,2.0,1.0,2.0,3.0,83.0,82.0,62.0,72.0,0.0,0.0,2.0,0.0,0.0,0.0,69.0,0.0
16:39,87.0,88.0,87.0,74.0,8.0,10.0,6.0,11.0,24.0,20.0,11.0,21.0,86.0,88.0,86.0,74.0,0.0,1.0,3.0,2.0,0.0,71.0,87.0,71.0,0.0,2.0,1.0,0.0,0.0,85.0,97.0,0.0
16:40,80.0,77.0,76.0,71.0,16.0,17.0,10.0,12.0,26.0,30.0,18.0,24.0,78.0,76.0,74.0,71.0,3.0,4.0,1.0,1.0,79.0,80.0,98.0,69.0,3.0,1.0,1.0,0.0,94.0,82.0,79.0,0.0
16:41,76.0,72.0,69.0,70.0,16.0,15.0,15.0,12.0,36.0,25.0,22.0,25.0,75.0,72.0,68.0,69.0,2.0,2.0,0.0,1.0,75.0,69.0,0.0,70.0,0.0,2.0,3.0,0.0,0.0,71.0,69.0,0.0
16:42,85.0,84.0,80.0,77.0,11.0,11.0,10.0,10.0,30.0,25.0,16.0,16.0,84.0,83.0,81.0,76.0,0.0,2.0,2.0,2.0,0.0,85.0,76.0,72.0,0.0,0.0,1.0,1.0,0.0,0.0,57.0,84.0
16:43,90.0,85.0,81.0,68.0,10.0,11.0,11.0,14.0,26.0,24.0,15.0,25.0,90.0,84.0,81.0,68.0,2.0,2.0,2.0,0.0,78.0,84.0,89.0,0.0,0.0,1.0,2.0,1.0,0.0,104.0,72.0,65.0
16:44,77.0,73.0,74.0,76.0,15.0,16.0,12.0,10.0,31.0,25.0,19.0,20.0,77.0,73.0,74.0,75.0,2.0,2.0,3.0,1.0,78.0,73.0,70.0,73.0,1.0,3.0,1.0,1.0,71.0,72.0,70.0,77.0
16:45,85.0,85.0,87.0,84.0,11.0,10.0,7.0,6.0,30.0,23.0,14.0,15.0,84.0,84.0,87.0,84.0,0.0,2.0,2.0,2.0,0.0,84.0,79.0,82.0,0.0,0.0,0.0,0.0,0.0,0.0,0.0,0.0
16:46,78.0,76.0,78.0,67.0,11.0,10.0,12.0,11.0,26.0,22.0,16.0,17.0,77.0,76.0,76.0,65.0,0.0,1.0,5.0,3.0,0.0,71.0,81.0,75.0,1.0,1.0,2.0,0.0,79.0,76.0,81.0,0.0
16:47,63.0,66.0,68.0,58.0,15.0,33.0,15.0,18.0,20.0,21.0,19.0,29.0,62.0,65.0,68.0,57.0,3.0,2.0,3.0,1.0,65.0,65.0,66.0,58.0,1.0,7.0,2.0,1.0,59.0,68.0,70.0,58.0
16:48,62.0,64.0,68.0,65.0,19.0,16.0,16.0,14.0,25.0,23.0,11.0,25.0,61.0,64.0,67.0,64.0,3.0,4.0,7.0,2.0,60.0,61.0,69.0,66.0,2.0,1.0,3.0,0.0,64.0,66.0,66.0,0.0
16:49,78.0,80.0,78.0,74.0,13.0,11.0,12.0,11.0,27.0,25.0,18.0,22.0,78.0,79.0,78.0,74.0,2.0,1.0,2.0,2.0,75.0,82.0,76.0,69.0,0.0,1.0,2.0,0.0,0.0,76.0,72.0,0.0
16:50,77.0,75.0,73.0,71.0,14.0,14.0,10.0,15.0,34.0,27.0,19.0,17.0,76.0,74.0,72.0,72.0,1.0,2.0,2.0,6.0,81.0,77.0,82.0,66.0,0.0,1.0,0.0,2.0,0.0,71.0,0.0,76.0
16:51,80.0,76.0,75.0,68.0,14.0,17.0,14.0,14.0,28.0,21.0,20.0,28.0,78.0,75.0,74.0,68.0,2.0,3.0,3.0,1.0,100.0,82.0,75.0,61.0,2.0,5.0,2.0,0.0,84.0,74.0,77.0,0.0
16:52,101.0,91.0,87.0,72.0,8.0,7.0,7.0,12.0,25.0,14.0,11.0,27.0,100.0,91.0,86.0,71.0,1.0,4.0,2.0,0.0,102.0,90.0,87.0,0.0,0.0,0.0,1.0,0.0,0.0,0.0,95.0,0.0
16:53,86.0,83.0,84.0,74.0,9.0,11.0,10.0,11.0,25.0,17.0,18.0,25.0,86.0,82.0,83.0,73.0,1.0,3.0,4.0,0.0,79.0,82.0,84.0,0.0,0.0,2.0,0.0,1.0,0.0,89.0,0.0,78.0
16:54,67.0,70.0,80.0,71.0,15.0,14.0,10.0,11.0,24.0,28.0,22.0,21.0,66.0,69.0,80.0,68.0,5.0,1.0,1.0,2.0,71.0,78.0,71.0,84.0,0.0,1.0,0.0,1.0,0.0,72.0,0.0,95.0
16:55,91.0,81.0,89.0,82.0,9.0,11.0,6.0,10.0,18.0,19.0,12.0,21.0,90.0,81.0,87.0,82.0,1.0,2.0,2.0,0.0,76.0,85.0,94.0,0.0,2.0,2.0,1.0,1.0,97.0,73.0,98.0,68.0
16:56,87.0,84.0,81.0,68.0,8.0,11.0,8.0,12.0,15.0,26.0,15.0,23.0,87.0,84.0,81.0,67.0,3.0,2.0,1.0,2.0,78.0,83.0,81.0,71.0,1.0,0.0,1.0,0.0,95.0,0.0,77.0,0.0
16:57,81.0,80.0,78.0,70.0,12.0,13.0,13.0,12.0,27.0,30.0,19.0,23.0,81.0,80.0,79.0,70.0,2.0,2.0,4.0,2.0,79.0,73.0,74.0,68.0,0.0,0.0,2.0,0.0,0.0,0.0,76.0,0.0
16:58,85.0,84.0,89.0,68.0,9.0,8.0,6.0,13.0,26.0,23.0,9.0,27.0,84.0,83.0,88.0,67.0,0.0,0.0,3.0,0.0,0.0,0.0,93.0,0.0,0.0,0.0,1.0,0.0,0.0,0.0,78.0,0.0
16:59,94.0,87.0,84.0,74.0,6.0,8.0,10.0,12.0,20.0,20.0,15.0,24.0,93.0,86.0,84.0,73.0,0.0,1.0,4.0,2.0,0.0,88.0,81.0,83.0,0.0,0.0,1.0,0.0,0.0,0.0,86.0,0.0
17:00,81.0,73.0,78.0,62.0,11.0,16.0,12.0,12.0,24.0,31.0,17.0,23.0,81.0,72.0,79.0,61.0,3.0,1.0,4.0,0.0,75.0,70.0,73.0,0.0,0.0,2.0,2.0,0.0,0.0,89.0,68.0,0.0
17:01,81.0,73.0,78.0,62.0,11.0,16.0,12.0,12.0,24.0,31.0,17.0,23.0,81.0,72.0,79.0,61.0,3.0,1.0,4.0,0.0,75.0,70.0,73.0,0.0,0.0,2.0,2.0,0.0,0.0,89.0,68.0,0.0
17:02,81.0,73.0,78.0,62.0,11.0,16.0,12.0,12.0,24.0,31.0,17.0,23.0,81.0,72.0,79.0,61.0,3.0,1.0,4.0,0.0,75.0,70.0,73.0,0.0,0.0,2.0,2.0,0.0,0.0,89.0,68.0,0.0
17:03,87.0,81.0,79.0,66.0,10.0,12.0,8.0,14.0,29.0,21.0,14.0,23.0,86.0,81.0,78.0,65.0,0.0,2.0,3.0,1.0,0.0,77.0,78.0,70.0,0.0,1.0,0.0,1.0,0.0,73.0,0.0,69.0
17:04,73.0,71.0,72.0,67.0,14.0,10.0,14.0,14.0,29.0,24.0,19.0,17.0,72.0,70.0,72.0,67.0,1.0,1.0,3.0,3.0,78.0,89.0,73.0,64.0,1.0,0.0,2.0,1.0,75.0,0.0,67.0,67.0
17:05,83.0,82.0,87.0,76.0,10.0,10.0,6.0,11.0,20.0,25.0,11.0,24.0,82.0,81.0,85.0,76.0,3.0,1.0,2.0,1.0,85.0,90.0,91.0,59.0,1.0,0.0,1.0,0.0,92.0,0.0,90.0,0.0
17:06,85.0,81.0,81.0,74.0,11.0,12.0,9.0,11.0,30.0,29.0,20.0,22.0,84.0,80.0,79.0,74.0,0.0,1.0,0.0,2.0,0.0,88.0,0.0,73.0,0.0,0.0,1.0,0.0,0.0,0.0,106.0,0.0
17:07,76.0,77.0,79.0,69.0,11.0,15.0,10.0,15.0,28.0,26.0,17.0,27.0,75.0,73.0,78.0,68.0,0.0,3.0,0.0,4.0,0.0,84.0,0.0,72.0,0.0,2.0,2.0,0.0,0.0,114.0,80.0,0.0
17:08,65.0,65.0,72.0,65.0,17.0,12.0,10.0,18.0,30.0,21.0,16.0,22.0,64.0,64.0,72.0,63.0,1.0,2.0,2.0,6.0,66.0,70.0,65.0,67.0,1.0,0.0,1.0,1.0,66.0,0.0,71.0,71.0
17:09,82.0,88.0,95.0,74.0,6.0,7.0,4.0,8.0,15.0,17.0,11.0,20.0,80.0,87.0,95.0,73.0,1.0,0.0,1.0,0.0,92.0,0.0,92.0,0.0,1.0,1.0,0.0,0.0,88.0,98.0,0.0,0.0
17:10,83.0,82.0,80.0,65.0,10.0,12.0,12.0,14.0,22.0,22.0,16.0,29.0,83.0,81.0,79.0,64.0,3.0,3.0,4.0,0.0,77.0,85.0,81.0,0.0,0.0,1.0,2.0,0.0,0.0,92.0,75.0,0.0
17:11,71.0,64.0,70.0,67.0,16.0,16.0,15.0,13.0,33.0,29.0,23.0,22.0,70.0,63.0,69.0,67.0,1.0,1.0,2.0,2.0,85.0,79.0,72.0,60.0,0.0,1.0,2.0,0.0,0.0,68.0,69.0,0.0
17:12,57.0,60.0,60.0,54.0,21.0,11.0,13.0,18.0,22.0,21.0,22.0,28.0,56.0,59.0,59.0,53.0,4.0,1.0,0.0,2.0,63.0,59.0,0.0,54.0,3.0,0.0,1.0,0.0,54.0,0.0,69.0,0.0
17:13,91.0,85.0,84.0,77.0,11.0,11.0,8.0,10.0,24.0,25.0,15.0,23.0,90.0,85.0,83.0,77.0,2.0,3.0,2.0,1.0,90.0,84.0,84.0,74.0,1.0,0.0,1.0,0.0,101.0,0.0,88.0,0.0
17:14,90.0,86.0,83.0,77.0,10.0,9.0,10.0,11.0,22.0,22.0,19.0,19.0,89.0,85.0,83.0,77.0,1.0,1.0,4.0,3.0,106.0,92.0,80.0,72.0,1.0,0.0,0.0,0.0,79.0,0.0,0.0,0.0
17:15,85.0,74.0,81.0,68.0,10.0,11.0,10.0,9.0,27.0,22.0,18.0,20.0,84.0,72.0,80.0,67.0,1.0,3.0,2.0,0.0,84.0,83.0,80.0,0.0,0.0,0.0,1.0,0.0,0.0,0.0,81.0,0.0
17:16,85.0,79.0,72.0,67.0,10.0,7.0,11.0,11.0,26.0,14.0,15.0,19.0,84.0,79.0,69.0,67.0,2.0,0.0,3.0,2.0,88.0,0.0,80.0,64.0,0.0,1.0,2.0,0.0,0.0,67.0,73.0,0.0
17:17,89.0,87.0,88.0,79.0,10.0,8.0,6.0,8.0,29.0,23.0,10.0,18.0,89.0,86.0,87.0,79.0,1.0,0.0,1.0,1.0,86.0,0.0,92.0,73.0,0.0,0.0,2.0,0.0,0.0,0.0,90.0,0.0
17:18,88.0,90.0,89.0,74.0,9.0,6.0,8.0,10.0,25.0,19.0,17.0,20.0,88.0,89.0,90.0,73.0,2.0,0.0,2.0,2.0,86.0,0.0,73.0,77.0,0.0,0.0,0.0,0.0,0.0,0.0,0.0,0.0
17:19,88.0,84.0,83.0,74.0,9.0,10.0,8.0,9.0,28.0,23.0,16.0,21.0,87.0,83.0,83.0,73.0,1.0,1.0,3.0,0.0,91.0,103.0,82.0,0.0,0.0,1.0,0.0,0.0,0.0,81.0,0.0,0.0
17:20,92.0,88.0,88.0,74.0,6.0,6.0,8.0,9.0,19.0,17.0,16.0,19.0,91.0,87.0,86.0,74.0,0.0,0.0,1.0,1.0,0.0,0.0,92.0,61.0,0.0,0.0,1.0,0.0,0.0,0.0,102.0,0.0
17:21,81.0,83.0,76.0,67.0,10.0,6.0,11.0,13.0,23.0,15.0,10.0,20.0,80.0,82.0,79.0,66.0,2.0,0.0,3.0,2.0,82.0,0.0,78.0,58.0,0.0,0.0,3.0,1.0,0.0,0.0,62.0,88.0
17:22,80.0,75.0,75.0,76.0,9.0,11.0,11.0,11.0,22.0,23.0,15.0,24.0,80.0,73.0,74.0,76.0,2.0,2.0,3.0,0.0,79.0,88.0,75.0,0.0,0.0,0.0,2.0,1.0,0.0,0.0,73.0,63.0
17:23,88.0,80.0,79.0,73.0,8.0,11.0,10.0,11.0,25.0,23.0,14.0,24.0,87.0,79.0,78.0,72.0,0.0,1.0,3.0,0.0,0.0,77.0,82.0,0.0,0.0,1.0,2.0,0.0,0.0,85.0,78.0,0.0
17:24,84.0,74.0,75.0,68.0,10.0,12.0,12.0,11.0,27.0,20.0,11.0,20.0,83.0,74.0,74.0,67.0,0.0,4.0,6.0,1.0,0.0,71.0,74.0,70.0,0.0,1.0,3.0,1.0,0.0,80.0,76.0,66.0
17:25,85.0,81.0,77.0,63.0,8.0,11.0,10.0,13.0,19.0,24.0,8.0,25.0,85.0,80.0,82.0,62.0,2.0,3.0,4.0,1.0,83.0,85.0,71.0,72.0,0.0,0.0,3.0,0.0,0.0,0.0,70.0,0.0
17:26,87.0,85.0,86.0,78.0,9.0,10.0,7.0,12.0,24.0,22.0,12.0,26.0,86.0,84.0,84.0,77.0,2.0,1.0,3.0,1.0,86.0,88.0,87.0,81.0,0.0,1.0,1.0,1.0,0.0,84.0,98.0,75.0
17:27,83.0,81.0,79.0,76.0,12.0,8.0,12.0,9.0,26.0,17.0,18.0,21.0,83.0,81.0,79.0,76.0,2.0,2.0,3.0,1.0,76.0,75.0,83.0,66.0,1.0,1.0,2.0,0.0,85.0,88.0,72.0,0.0
17:28,89.0,73.0,73.0,68.0,8.0,10.0,14.0,12.0,23.0,19.0,20.0,24.0,88.0,73.0,73.0,67.0,2.0,1.0,1.0,0.0,88.0,74.0,74.0,0.0,0.0,1.0,3.0,1.0,0.0,71.0,71.0,68.0
17:29,92.0,87.0,79.0,69.0,7.0,8.0,10.0,8.0,22.0,17.0,12.0,14.0,91.0,87.0,77.0,69.0,0.0,0.0,1.0,2.0,0.0,0.0,74.0,67.0,0.0,1.0,4.0,0.0,0.0,75.0,83.0,0.0
17:30,87.0,83.0,82.0,71.0,12.0,8.0,10.0,9.0,26.0,20.0,14.0,21.0,86.0,82.0,80.0,70.0,2.0,1.0,4.0,0.0,91.0,83.0,86.0,0.0,2.0,0.0,1.0,0.0,88.0,0.0,87.0,0.0
17:31,74.0,72.0,81.0,65.0,14.0,17.0,7.0,14.0,27.0,28.0,15.0,29.0,73.0,71.0,81.0,64.0,1.0,1.0,0.0,0.0,79.0,77.0,0.0,0.0,1.0,3.0,1.0,0.0,67.0,69.0,76.0,0.0
17:32,84.0,85.0,85.0,74.0,10.0,10.0,7.0,9.0,25.0,18.0,12.0,18.0,84.0,84.0,85.0,73.0,2.0,2.0,3.0,1.0,82.0,85.0,81.0,77.0,0.0,2.0,0.0,0.0,0.0,89.0,0.0,0.0
17:33,92.0,80.0,79.0,68.0,6.0,13.0,8.0,12.0,18.0,13.0,12.0,23.0,91.0,78.0,79.0,67.0,0.0,4.0,3.0,2.0,0.0,79.0,78.0,72.0,1.0,4.0,1.0,0.0,96.0,84.0,80.0,0.0
17:34,85.0,77.0,75.0,70.0,10.0,11.0,13.0,10.0,24.0,26.0,19.0,23.0,85.0,76.0,74.0,69.0,2.0,2.0,4.0,1.0,89.0,80.0,76.0,71.0,1.0,0.0,1.0,0.0,68.0,0.0,77.0,0.0
17:35,92.0,89.0,85.0,79.0,8.0,8.0,6.0,7.0,24.0,21.0,12.0,16.0,92.0,88.0,86.0,78.0,1.0,2.0,2.0,1.0,85.0,88.0,76.0,81.0,0.0,0.0,1.0,0.0,0.0,0.0,90.0,0.0
17:36,91.0,81.0,82.0,71.0,6.0,11.0,8.0,11.0,19.0,27.0,15.0,19.0,90.0,80.0,84.0,71.0,0.0,0.0,2.0,3.0,0.0,0.0,73.0,69.0,0.0,1.0,1.0,0.0,0.0,94.0,69.0,0.0
17:37,87.0,78.0,81.0,80.0,8.0,13.0,8.0,8.0,22.0,25.0,16.0,19.0,87.0,77.0,80.0,80.0,2.0,3.0,2.0,1.0,83.0,80.0,86.0,65.0,0.0,1.0,0.0,0.0,0.0,85.0,0.0,0.0
17:38,81.0,75.0,78.0,64.0,10.0,12.0,9.0,9.0,23.0,27.0,24.0,16.0,79.0,74.0,77.0,63.0,4.0,1.0,0.0,2.0,89.0,77.0,0.0,65.0,0.0,1.0,0.0,0.0,0.0,77.0,0.0,0.0
17:39,78.0,79.0,79.0,56.0,12.0,11.0,9.0,17.0,30.0,25.0,19.0,30.0,77.0,78.0,78.0,55.0,1.0,2.0,2.0,0.0,95.0,79.0,81.0,0.0,0.0,0.0,0.0,0.0,0.0,0.0,0.0,0.0
17:40,85.0,81.0,82.0,67.0,9.0,11.0,5.0,12.0,26.0,19.0,11.0,23.0,84.0,81.0,83.0,66.0,0.0,2.0,2.0,2.0,0.0,71.0,70.0,75.0,0.0,2.0,0.0,0.0,0.0,81.0,0.0,0.0
17:41,94.0,82.0,83.0,70.0,10.0,11.0,10.0,14.0,28.0,21.0,21.0,26.0,93.0,81.0,82.0,69.0,1.0,2.0,2.0,2.0,104.0,84.0,82.0,69.0,0.0,2.0,1.0,0.0,0.0,84.0,84.0,0.0
17:42,79.0,73.0,83.0,63.0,16.0,11.0,5.0,10.0,32.0,25.0,11.0,17.0,78.0,73.0,82.0,63.0,0.0,1.0,0.0,2.0,0.0,67.0,0.0,61.0,2.0,0.0,1.0,0.0,83.0,0.0,83.0,0.0
17:43,77.0,77.0,81.0,59.0,12.0,12.0,8.0,18.0,27.0,21.0,12.0,33.0,76.0,75.0,81.0,59.0,2.0,4.0,3.0,1.0,89.0,83.0,78.0,48.0,0.0,1.0,1.0,0.0,0.0,71.0,75.0,0.0
17:44,55.0,62.0,78.0,71.0,16.0,14.0,10.0,9.0,28.0,18.0,13.0,17.0,54.0,62.0,76.0,70.0,1.0,2.0,2.0,2.0,57.0,62.0,80.0,71.0,0.0,2.0,3.0,0.0,0.0,53.0,80.0,0.0
17:45,37.0,45.0,54.0,60.0,22.0,16.0,17.0,11.0,17.0,20.0,18.0,20.0,35.0,44.0,54.0,59.0,1.0,2.0,3.0,2.0,49.0,48.0,56.0,64.0,2.0,0.0,1.0,0.0,46.0,0.0,40.0,0.0
17:46,45.0,48.0,60.0,67.0,15.0,15.0,15.0,10.0,20.0,22.0,26.0,22.0,44.0,48.0,59.0,66.0,1.0,1.0,0.0,0.0,47.0,44.0,0.0,0.0,0.0,0.0,0.0,0.0,0.0,0.0,0.0,0.0
17:47,30.0,41.0,49.0,62.0,25.0,18.0,19.0,9.0,13.0,18.0,16.0,15.0,30.0,40.0,49.0,60.0,2.0,1.0,3.0,2.0,35.0,46.0,43.0,69.0,1.0,1.0,2.0,0.0,15.0,45.0,56.0,0.0
17:48,25.0,28.0,42.0,48.0,28.0,32.0,22.0,16.0,13.0,15.0,17.0,21.0,23.0,28.0,42.0,47.0,3.0,1.0,2.0,2.0,32.0,29.0,45.0,49.0,2.0,3.0,2.0,0.0,25.0,22.0,36.0,0.0
17:49,24.0,26.0,42.0,47.0,42.0,29.0,20.0,14.0,10.0,6.0,11.0,21.0,21.0,17.0,39.0,47.0,3.0,5.0,4.0,1.0,27.0,29.0,50.0,38.0,5.0,3.0,3.0,0.0,28.0,37.0,38.0,0.0
17:50,15.0,26.0,36.0,47.0,41.0,28.0,23.0,20.0,8.0,8.0,15.0,23.0,12.0,19.0,35.0,47.0,3.0,4.0,3.0,1.0,12.0,32.0,34.0,46.0,1.0,2.0,2.0,1.0,47.0,37.0,40.0,41.0
17:51,20.0,15.0,26.0,46.0,25.0,25.0,37.0,21.0,5.0,8.0,18.0,23.0,18.0,16.0,26.0,45.0,2.0,2.0,4.0,3.0,16.0,10.0,23.0,49.0,2.0,0.0,2.0,1.0,28.0,0.0,30.0,41.0
17:52,20.0,22.0,36.0,41.0,32.0,40.0,22.0,19.0,9.0,10.0,17.0,20.0,20.0,18.0,35.0,40.0,6.0,4.0,1.0,1.0,18.0,28.0,43.0,52.0,0.0,3.0,1.0,1.0,0.0,24.0,38.0,42.0
17:53,20.0,19.0,23.0,38.0,31.0,37.0,26.0,22.0,17.0,13.0,17.0,24.0,19.0,18.0,22.0,38.0,1.0,3.0,1.0,0.0,24.0,17.0,36.0,0.0,0.0,2.0,0.0,1.0,0.0,27.0,0.0,37.0
17:54,11.0,16.0,13.0,47.0,35.0,35.0,47.0,14.0,5.0,7.0,8.0,20.0,10.0,12.0,12.0,46.0,4.0,4.0,4.0,1.0,10.0,15.0,15.0,52.0,0.0,1.0,1.0,0.0,0.0,45.0,7.0,0.0
17:55,14.0,16.0,19.0,45.0,39.0,55.0,38.0,14.0,6.0,14.0,12.0,19.0,11.0,15.0,16.0,44.0,5.0,2.0,4.0,2.0,16.0,19.0,22.0,47.0,1.0,1.0,1.0,0.0,17.0,14.0,42.0,0.0
17:56,18.0,21.0,37.0,41.0,36.0,32.0,25.0,20.0,13.0,10.0,14.0,22.0,16.0,17.0,36.0,40.0,4.0,2.0,4.0,1.0,22.0,21.0,37.0,39.0,0.0,2.0,2.0,1.0,0.0,36.0,35.0,42.0
17:57,20.0,26.0,39.0,48.0,49.0,30.0,22.0,15.0,7.0,17.0,16.0,21.0,15.0,25.0,37.0,47.0,5.0,1.0,7.0,1.0,19.0,40.0,42.0,58.0,5.0,2.0,0.0,0.0,26.0,25.0,0.0,0.0
17:58,17.0,20.0,28.0,42.0,53.0,32.0,28.0,19.0,10.0,16.0,17.0,19.0,15.0,19.0,24.0,42.0,5.0,1.0,4.0,1.0,19.0,21.0,40.0,38.0,2.0,1.0,0.0,1.0,19.0,34.0,0.0,41.0
17:59,18.0,18.0,24.0,39.0,42.0,34.0,33.0,18.0,12.0,14.0,15.0,19.0,19.0,16.0,21.0,38.0,3.0,2.0,6.0,1.0,17.0,17.0,30.0,38.0,2.0,1.0,0.0,0.0,13.0,31.0,0.0,0.0
18:00,22.0,19.0,22.0,46.0,44.0,40.0,37.0,18.0,6.0,9.0,16.0,27.0,18.0,19.0,22.0,45.0,7.0,7.0,4.0,0.0,20.0,19.0,21.0,0.0,3.0,1.0,1.0,0.0,31.0,15.0,25.0,0.0
18:01,18.0,18.0,23.0,48.0,41.0,42.0,38.0,14.0,8.0,13.0,15.0,18.0,15.0,16.0,22.0,48.0,5.0,3.0,4.0,2.0,15.0,17.0,23.0,46.0,2.0,1.0,2.0,0.0,31.0,34.0,30.0,0.0
18:02,14.0,19.0,23.0,40.0,51.0,42.0,40.0,23.0,5.0,6.0,9.0,11.0,11.0,13.0,21.0,40.0,10.0,3.0,8.0,4.0,15.0,17.0,23.0,35.0,0.0,4.0,2.0,3.0,0.0,29.0,28.0,44.0
18:03,18.0,15.0,29.0,48.0,33.0,43.0,28.0,13.0,12.0,16.0,17.0,19.0,17.0,14.0,26.0,47.0,4.0,2.0,4.0,1.0,20.0,18.0,37.0,49.0,0.0,0.0,0.0,0.0,0.0,0.0,0.0,0.0
18:04,20.0,26.0,30.0,35.0,35.0,38.0,20.0,26.0,10.0,10.0,16.0,15.0,21.0,23.0,29.0,33.0,5.0,3.0,2.0,3.0,16.0,29.0,29.0,38.0,1.0,4.0,0.0,3.0,24.0,27.0,0.0,37.0
18:05,22.0,23.0,32.0,38.0,40.0,43.0,31.0,24.0,4.0,14.0,16.0,23.0,17.0,19.0,31.0,38.0,2.0,6.0,3.0,3.0,21.0,29.0,31.0,36.0,3.0,1.0,2.0,0.0,28.0,34.0,31.0,0.0
18:06,18.0,27.0,42.0,39.0,34.0,46.0,24.0,26.0,9.0,7.0,19.0,26.0,15.0,17.0,42.0,38.0,6.0,3.0,3.0,2.0,21.0,26.0,42.0,38.0,0.0,6.0,2.0,1.0,0.0,38.0,35.0,46.0
18:07,25.0,27.0,36.0,39.0,39.0,35.0,27.0,20.0,5.0,15.0,17.0,19.0,19.0,24.0,34.0,39.0,6.0,1.0,1.0,1.0,20.0,31.0,36.0,30.0,4.0,5.0,4.0,2.0,37.0,34.0,43.0,41.0
18:08,33.0,40.0,47.0,39.0,21.0,15.0,18.0,15.0,15.0,18.0,15.0,17.0,31.0,40.0,48.0,38.0,1.0,1.0,4.0,1.0,44.0,30.0,41.0,40.0,2.0,0.0,1.0,0.0,37.0,0.0,45.0,0.0
18:09,37.0,48.0,51.0,35.0,22.0,16.0,12.0,27.0,18.0,17.0,15.0,21.0,35.0,46.0,51.0,34.0,2.0,5.0,1.0,4.0,42.0,52.0,52.0,37.0,1.0,0.0,1.0,1.0,44.0,0.0,48.0,34.0
18:10,43.0,47.0,54.0,41.0,25.0,19.0,16.0,27.0,16.0,22.0,22.0,32.0,45.0,46.0,54.0,41.0,8.0,2.0,0.0,0.0,38.0,52.0,0.0,0.0,1.0,1.0,2.0,1.0,48.0,51.0,53.0,37.0
18:11,66.0,61.0,63.0,40.0,13.0,16.0,15.0,27.0,23.0,22.0,18.0,30.0,66.0,61.0,62.0,38.0,2.0,3.0,3.0,2.0,56.0,61.0,64.0,58.0,0.0,1.0,2.0,0.0,0.0,56.0,67.0,0.0
18:12,67.0,63.0,67.0,47.0,13.0,14.0,12.0,18.0,26.0,24.0,14.0,27.0,67.0,63.0,67.0,47.0,2.0,2.0,3.0,1.0,62.0,59.0,65.0,41.0,0.0,0.0,2.0,0.0,0.0,0.0,67.0,0.0
18:13,75.0,73.0,76.0,54.0,9.0,11.0,8.0,21.0,18.0,22.0,10.0,27.0,75.0,72.0,75.0,53.0,1.0,2.0,4.0,3.0,78.0,77.0,76.0,57.0,1.0,0.0,0.0,1.0,64.0,0.0,0.0,70.0
18:14,79.0,74.0,76.0,45.0,6.0,9.0,4.0,20.0,17.0,19.0,9.0,27.0,78.0,73.0,75.0,44.0,0.0,2.0,0.0,2.0,0.0,74.0,0.0,49.0,0.0,0.0,0.0,0.0,0.0,0.0,0.0,0.0
18:15,74.0,71.0,76.0,59.0,14.0,14.0,8.0,16.0,26.0,25.0,17.0,29.0,74.0,71.0,77.0,58.0,2.0,1.0,1.0,1.0,67.0,78.0,58.0,66.0,1.0,2.0,0.0,0.0,69.0,63.0,0.0,0.0
18:16,70.0,68.0,68.0,55.0,11.0,11.0,11.0,18.0,27.0,25.0,15.0,27.0,69.0,67.0,66.0,54.0,0.0,0.0,1.0,1.0,0.0,0.0,77.0,57.0,0.0,0.0,2.0,1.0,0.0,0.0,73.0,55.0
18:17,74.0,70.0,69.0,55.0,9.0,12.0,9.0,14.0,18.0,22.0,15.0,26.0,73.0,70.0,68.0,54.0,3.0,1.0,2.0,0.0,74.0,60.0,74.0,0.0,1.0,1.0,1.0,0.0,75.0,72.0,71.0,0.0
18:18,79.0,72.0,71.0,50.0,11.0,14.0,12.0,17.0,29.0,28.0,20.0,23.0,78.0,71.0,70.0,49.0,0.0,2.0,3.0,3.0,0.0,75.0,71.0,54.0,0.0,0.0,0.0,0.0,0.0,0.0,0.0,0.0
18:19,80.0,72.0,71.0,61.0,9.0,13.0,12.0,14.0,22.0,22.0,16.0,23.0,80.0,71.0,71.0,60.0,1.0,4.0,1.0,2.0,72.0,71.0,69.0,70.0,0.0,0.0,3.0,0.0,0.0,0.0,68.0,0.0
18:20,76.0,76.0,71.0,56.0,10.0,11.0,8.0,15.0,22.0,25.0,11.0,26.0,76.0,75.0,70.0,55.0,0.0,1.0,1.0,1.0,0.0,75.0,68.0,80.0,1.0,0.0,2.0,0.0,74.0,0.0,71.0,0.0
18:21,79.0,75.0,80.0,59.0,9.0,9.0,8.0,17.0,23.0,19.0,7.0,28.0,78.0,74.0,79.0,57.0,0.0,2.0,4.0,1.0,0.0,77.0,80.0,63.0,0.0,0.0,2.0,1.0,0.0,0.0,77.0,84.0
18:22,75.0,75.0,68.0,56.0,11.0,12.0,9.0,18.0,29.0,25.0,15.0,28.0,74.0,74.0,67.0,55.0,0.0,2.0,2.0,2.0,0.0,80.0,67.0,59.0,0.0,0.0,0.0,0.0,0.0,0.0,0.0,0.0
18:23,79.0,76.0,71.0,57.0,9.0,15.0,13.0,17.0,24.0,19.0,19.0,27.0,78.0,75.0,70.0,57.0,0.0,4.0,3.0,0.0,0.0,77.0,75.0,0.0,0.0,3.0,1.0,1.0,0.0,77.0,61.0,51.0
18:24,69.0,71.0,76.0,50.0,13.0,12.0,8.0,20.0,26.0,27.0,14.0,29.0,68.0,70.0,76.0,49.0,3.0,2.0,1.0,2.0,69.0,82.0,73.0,53.0,0.0,0.0,1.0,0.0,0.0,0.0,72.0,0.0
18:25,78.0,72.0,66.0,45.0,12.0,12.0,9.0,21.0,27.0,18.0,12.0,26.0,78.0,71.0,65.0,44.0,2.0,5.0,1.0,2.0,77.0,74.0,51.0,44.0,0.0,0.0,2.0,0.0,0.0,0.0,77.0,0.0
18:26,73.0,69.0,69.0,42.0,12.0,12.0,9.0,25.0,27.0,26.0,16.0,27.0,73.0,68.0,68.0,41.0,1.0,1.0,1.0,3.0,66.0,74.0,70.0,42.0,0.0,0.0,0.0,0.0,0.0,0.0,0.0,0.0
18:27,72.0,69.0,71.0,34.0,13.0,9.0,10.0,26.0,29.0,20.0,14.0,25.0,72.0,68.0,71.0,32.0,1.0,1.0,3.0,2.0,58.0,79.0,73.0,56.0,0.0,0.0,1.0,0.0,0.0,0.0,63.0,0.0
18:28,74.0,71.0,69.0,45.0,14.0,16.0,11.0,20.0,30.0,17.0,17.0,25.0,74.0,71.0,69.0,44.0,1.0,5.0,2.0,2.0,59.0,70.0,65.0,50.0,1.0,2.0,0.0,0.0,77.0,66.0,0.0,0.0
18:29,82.0,75.0,72.0,46.0,10.0,10.0,7.0,23.0,24.0,15.0,13.0,23.0,82.0,73.0,70.0,46.0,3.0,4.0,0.0,3.0,79.0,81.0,0.0,41.0,0.0,1.0,1.0,2.0,0.0,68.0,84.0,52.0
18:30,83.0,76.0,69.0,53.0,11.0,14.0,9.0,19.0,30.0,19.0,14.0,28.0,82.0,76.0,69.0,52.0,1.0,4.0,3.0,2.0,85.0,72.0,67.0,60.0,0.0,2.0,0.0,0.0,0.0,76.0,0.0,0.0
18:31,84.0,77.0,73.0,58.0,12.0,13.0,9.0,19.0,30.0,18.0,13.0,28.0,83.0,77.0,72.0,57.0,2.0,5.0,3.0,3.0,94.0,75.0,70.0,59.0,0.0,1.0,1.0,0.0,0.0,84.0,78.0,0.0
18:32,83.0,74.0,74.0,60.0,9.0,13.0,9.0,17.0,26.0,23.0,14.0,29.0,82.0,73.0,74.0,59.0,0.0,1.0,2.0,1.0,0.0,76.0,71.0,60.0,0.0,2.0,1.0,0.0,0.0,72.0,69.0,0.0
18:33,91.0,77.0,73.0,52.0,9.0,11.0,9.0,20.0,25.0,24.0,19.0,31.0,90.0,76.0,72.0,51.0,1.0,2.0,1.0,0.0,92.0,83.0,78.0,0.0,0.0,0.0,1.0,0.0,0.0,0.0,75.0,0.0
18:34,88.0,82.0,85.0,68.0,8.0,10.0,6.0,12.0,22.0,25.0,14.0,25.0,88.0,81.0,85.0,67.0,1.0,1.0,1.0,0.0,77.0,94.0,75.0,0.0,0.0,0.0,0.0,0.0,0.0,0.0,0.0,0.0
18:35,82.0,74.0,76.0,63.0,11.0,10.0,10.0,12.0,29.0,23.0,16.0,23.0,81.0,73.0,75.0,62.0,0.0,1.0,2.0,2.0,0.0,73.0,80.0,69.0,1.0,0.0,2.0,0.0,101.0,0.0,78.0,0.0
18:36,79.0,70.0,73.0,66.0,8.0,9.0,7.0,13.0,19.0,19.0,16.0,26.0,79.0,70.0,72.0,66.0,0.0,0.0,1.0,2.0,0.0,0.0,82.0,62.0,1.0,1.0,0.0,0.0,77.0,61.0,0.0,0.0
18:37,95.0,87.0,90.0,68.0,7.0,9.0,7.0,10.0,23.0,24.0,10.0,23.0,94.0,86.0,89.0,67.0,0.0,1.0,1.0,0.0,0.0,87.0,85.0,0.0,0.0,0.0,3.0,0.0,0.0,0.0,94.0,0.0
18:38,90.0,89.0,84.0,73.0,7.0,10.0,9.0,10.0,21.0,21.0,23.0,19.0,89.0,88.0,83.0,72.0,0.0,2.0,0.0,3.0,0.0,91.0,0.0,78.0,0.0,1.0,0.0,0.0,0.0,88.0,0.0,0.0
18:39,87.0,79.0,73.0,68.0,14.0,12.0,11.0,14.0,28.0,25.0,10.0,23.0,86.0,78.0,73.0,67.0,1.0,2.0,4.0,2.0,65.0,86.0,68.0,72.0,3.0,1.0,2.0,1.0,93.0,75.0,77.0,58.0
18:40,83.0,75.0,78.0,68.0,12.0,12.0,11.0,16.0,30.0,28.0,16.0,29.0,83.0,75.0,76.0,68.0,0.0,1.0,4.0,2.0,0.0,64.0,78.0,65.0,1.0,0.0,1.0,0.0,81.0,0.0,92.0,0.0
18:41,94.0,85.0,90.0,72.0,6.0,9.0,8.0,7.0,19.0,22.0,16.0,14.0,93.0,83.0,88.0,72.0,0.0,2.0,0.0,1.0,0.0,100.0,0.0,68.0,0.0,0.0,2.0,0.0,0.0,0.0,97.0,0.0
18:42,96.0,90.0,91.0,70.0,5.0,8.0,6.0,12.0,18.0,22.0,11.0,24.0,95.0,89.0,91.0,69.0,0.0,0.0,3.0,1.0,0.0,0.0,88.0,74.0,0.0,1.0,0.0,0.0,0.0,95.0,0.0,0.0
18:43,94.0,86.0,82.0,59.0,9.0,12.0,5.0,18.0,25.0,23.0,10.0,34.0,93.0,86.0,82.0,58.0,1.0,2.0,1.0,1.0,95.0,85.0,78.0,65.0,0.0,2.0,1.0,0.0,0.0,78.0,80.0,0.0
18:44,87.0,82.0,85.0,59.0,10.0,12.0,7.0,16.0,24.0,26.0,13.0,27.0,86.0,81.0,85.0,58.0,1.0,3.0,1.0,1.0,91.0,84.0,78.0,61.0,2.0,0.0,2.0,0.0,87.0,0.0,88.0,0.0
18:45,89.0,83.0,76.0,73.0,7.0,8.0,9.0,9.0,16.0,18.0,16.0,18.0,89.0,82.0,76.0,72.0,2.0,2.0,3.0,1.0,87.0,82.0,75.0,74.0,0.0,0.0,0.0,0.0,0.0,0.0,0.0,0.0
18:46,89.0,84.0,77.0,68.0,9.0,11.0,9.0,12.0,26.0,21.0,13.0,22.0,88.0,84.0,77.0,67.0,1.0,4.0,2.0,2.0,92.0,81.0,67.0,69.0,0.0,0.0,2.0,0.0,0.0,0.0,79.0,0.0
18:47,85.0,75.0,76.0,58.0,10.0,10.0,11.0,13.0,17.0,19.0,17.0,24.0,84.0,74.0,76.0,57.0,5.0,3.0,5.0,1.0,84.0,78.0,72.0,61.0,1.0,0.0,0.0,0.0,95.0,0.0,0.0,0.0
18:48,77.0,75.0,73.0,55.0,14.0,15.0,10.0,19.0,29.0,29.0,16.0,23.0,76.0,74.0,71.0,55.0,3.0,2.0,1.0,4.0,84.0,79.0,77.0,54.0,1.0,1.0,2.0,0.0,80.0,74.0,78.0,0.0
18:49,87.0,82.0,75.0,57.0,10.0,8.0,6.0,16.0,27.0,22.0,14.0,27.0,86.0,81.0,74.0,57.0,0.0,0.0,0.0,1.0,0.0,0.0,0.0,55.0,0.0,0.0,0.0,0.0,0.0,0.0,0.0,0.0
18:50,88.0,81.0,79.0,61.0,10.0,11.0,10.0,17.0,25.0,24.0,10.0,25.0,87.0,80.0,78.0,60.0,2.0,0.0,5.0,4.0,96.0,0.0,77.0,62.0,0.0,2.0,1.0,0.0,0.0,83.0,87.0,0.0
18:51,86.0,80.0,82.0,68.0,11.0,11.0,8.0,14.0,32.0,30.0,17.0,31.0,85.0,79.0,81.0,67.0,0.0,0.0,2.0,0.0,0.0,0.0,82.0,0.0,0.0,0.0,0.0,0.0,0.0,0.0,0.0,0.0
18:52,88.0,86.0,84.0,64.0,8.0,7.0,3.0,14.0,24.0,19.0,11.0,25.0,87.0,85.0,83.0,62.0,1.0,1.0,0.0,1.0,103.0,94.0,0.0,73.0,0.0,0.0,0.0,1.0,0.0,0.0,0.0,92.0
18:53,98.0,90.0,93.0,84.0,7.0,9.0,7.0,8.0,21.0,18.0,8.0,19.0,97.0,88.0,92.0,84.0,1.0,2.0,2.0,1.0,103.0,101.0,94.0,81.0,0.0,1.0,3.0,0.0,0.0,84.0,94.0,0.0
18:54,91.0,84.0,84.0,70.0,8.0,10.0,6.0,9.0,23.0,29.0,9.0,19.0,90.0,83.0,86.0,69.0,1.0,0.0,3.0,1.0,92.0,0.0,74.0,73.0,0.0,0.0,0.0,0.0,0.0,0.0,0.0,0.0
18:55,85.0,78.0,73.0,51.0,9.0,10.0,6.0,18.0,25.0,24.0,12.0,29.0,85.0,77.0,73.0,50.0,1.0,1.0,1.0,1.0,80.0,82.0,64.0,53.0,0.0,0.0,0.0,0.0,0.0,0.0,0.0,0.0
18:56,97.0,87.0,88.0,72.0,7.0,9.0,9.0,10.0,22.0,21.0,11.0,23.0,96.0,86.0,90.0,71.0,0.0,2.0,3.0,0.0,0.0,88.0,86.0,0.0,0.0,0.0,2.0,0.0,0.0,0.0,76.0,0.0
18:57,93.0,85.0,88.0,74.0,10.0,10.0,8.0,11.0,26.0,22.0,9.0,22.0,93.0,85.0,87.0,72.0,0.0,3.0,3.0,2.0,0.0,80.0,86.0,84.0,1.0,0.0,3.0,0.0,91.0,0.0,91.0,0.0
18:58,89.0,84.0,85.0,69.0,10.0,9.0,6.0,13.0,25.0,23.0,13.0,22.0,89.0,84.0,84.0,69.0,1.0,1.0,1.0,3.0,66.0,83.0,95.0,62.0,0.0,0.0,0.0,0.0,0.0,0.0,0.0,0.0
18:59,87.0,86.0,72.0,68.0,7.0,10.0,8.0,18.0,18.0,18.0,15.0,29.0,86.0,84.0,71.0,67.0,1.0,2.0,2.0,3.0,90.0,89.0,74.0,73.0,0.0,2.0,0.0,1.0,0.0,93.0,0.0,63.0
19:00,93.0,85.0,86.0,64.0,9.0,7.0,5.0,13.0,24.0,16.0,8.0,23.0,92.0,85.0,89.0,63.0,1.0,0.0,1.0,2.0,98.0,0.0,81.0,71.0,0.0,1.0,1.0,0.0,0.0,77.0,57.0,0.0
19:01,92.0,85.0,90.0,67.0,7.0,9.0,9.0,15.0,19.0,23.0,9.0,24.0,92.0,84.0,94.0,67.0,1.0,2.0,5.0,1.0,85.0,92.0,81.0,67.0,1.0,0.0,2.0,1.0,97.0,0.0,90.0,61.0
19:02,96.0,88.0,89.0,72.0,7.0,9.0,6.0,10.0,22.0,18.0,13.0,19.0,95.0,88.0,88.0,70.0,0.0,4.0,2.0,0.0,0.0,84.0,89.0,0.0,0.0,0.0,0.0,1.0,0.0,0.0,0.0,90.0
19:03,90.0,82.0,86.0,70.0,10.0,12.0,5.0,14.0,25.0,25.0,11.0,27.0,89.0,82.0,84.0,69.0,4.0,1.0,1.0,0.0,89.0,97.0,90.0,0.0,0.0,2.0,1.0,1.0,0.0,71.0,97.0,73.0
19:04,84.0,79.0,81.0,56.0,11.0,12.0,8.0,23.0,31.0,26.0,9.0,31.0,83.0,78.0,79.0,56.0,0.0,0.0,2.0,3.0,0.0,0.0,88.0,50.0,0.0,1.0,3.0,1.0,0.0,85.0,82.0,64.0
19:05,95.0,89.0,83.0,69.0,9.0,5.0,4.0,11.0,27.0,15.0,10.0,22.0,94.0,88.0,82.0,68.0,0.0,0.0,0.0,1.0,0.0,0.0,0.0,74.0,0.0,0.0,0.0,0.0,0.0,0.0,0.0,0.0
19:06,93.0,84.0,87.0,65.0,10.0,10.0,6.0,14.0,28.0,24.0,17.0,25.0,92.0,84.0,86.0,64.0,1.0,1.0,0.0,2.0,97.0,81.0,0.0,64.0,0.0,0.0,0.0,0.0,0.0,0.0,0.0,0.0
19:07,94.0,86.0,77.0,62.0,8.0,10.0,9.0,15.0,25.0,22.0,16.0,27.0,93.0,84.0,77.0,62.0,1.0,1.0,2.0,1.0,95.0,100.0,71.0,61.0,0.0,1.0,1.0,0.0,0.0,92.0,82.0,0.0
19:08,92.0,79.0,75.0,57.0,8.0,9.0,9.0,18.0,22.0,21.0,18.0,30.0,91.0,78.0,75.0,56.0,1.0,1.0,1.0,1.0,98.0,74.0,66.0,67.0,0.0,1.0,0.0,0.0,0.0,88.0,0.0,0.0
19:09,84.0,77.0,87.0,60.0,10.0,9.0,8.0,14.0,21.0,21.0,14.0,24.0,83.0,77.0,86.0,59.0,1.0,0.0,2.0,0.0,83.0,0.0,87.0,0.0,1.0,1.0,1.0,1.0,83.0,76.0,84.0,69.0
19:10,84.0,79.0,81.0,78.0,10.0,12.0,8.0,8.0,26.0,24.0,16.0,17.0,83.0,78.0,81.0,78.0,2.0,2.0,3.0,2.0,83.0,76.0,78.0,77.0,0.0,1.0,0.0,0.0,0.0,94.0,0.0,0.0
19:11,87.0,81.0,81.0,61.0,7.0,6.0,4.0,8.0,20.0,14.0,7.0,14.0,86.0,81.0,80.0,61.0,2.0,0.0,3.0,2.0,89.0,0.0,80.0,54.0,0.0,1.0,0.0,0.0,0.0,78.0,0.0,0.0
19:12,96.0,96.0,85.0,60.0,6.0,7.0,6.0,13.0,18.0,17.0,12.0,23.0,95.0,96.0,82.0,59.0,2.0,2.0,3.0,0.0,98.0,95.0,92.0,0.0,0.0,0.0,0.0,0.0,0.0,0.0,0.0,0.0
19:13,94.0,82.0,89.0,71.0,8.0,10.0,6.0,9.0,25.0,19.0,13.0,21.0,94.0,81.0,89.0,70.0,1.0,3.0,1.0,0.0,90.0,87.0,77.0,0.0,0.0,0.0,1.0,0.0,0.0,0.0,96.0,0.0
19:14,93.0,83.0,89.0,78.0,7.0,9.0,7.0,10.0,23.0,20.0,5.0,21.0,92.0,82.0,88.0,78.0,0.0,3.0,4.0,1.0,0.0,82.0,88.0,75.0,0.0,0.0,2.0,1.0,0.0,0.0,88.0,76.0
19:15,90.0,78.0,81.0,64.0,9.0,8.0,8.0,12.0,21.0,21.0,15.0,25.0,90.0,77.0,81.0,63.0,3.0,0.0,4.0,0.0,89.0,0.0,79.0,0.0,0.0,0.0,0.0,0.0,0.0,0.0,0.0,0.0
19:16,87.0,83.0,84.0,62.0,5.0,8.0,8.0,11.0,13.0,16.0,11.0,19.0,87.0,80.0,83.0,62.0,1.0,1.0,0.0,1.0,74.0,100.0,0.0,61.0,0.0,1.0,3.0,0.0,0.0,97.0,87.0,0.0
19:17,88.0,79.0,84.0,68.0,4.0,5.0,4.0,9.0,12.0,14.0,10.0,15.0,87.0,78.0,84.0,67.0,1.0,0.0,1.0,3.0,87.0,0.0,76.0,67.0,0.0,0.0,0.0,0.0,0.0,0.0,0.0,0.0
19:18,86.0,84.0,88.0,67.0,7.0,7.0,7.0,14.0,17.0,15.0,14.0,25.0,86.0,83.0,88.0,67.0,2.0,2.0,1.0,2.0,80.0,89.0,85.0,58.0,0.0,0.0,1.0,0.0,0.0,0.0,83.0,0.0
19:19,82.0,77.0,77.0,66.0,8.0,10.0,8.0,13.0,21.0,23.0,14.0,24.0,81.0,76.0,77.0,66.0,1.0,1.0,2.0,1.0,83.0,77.0,74.0,65.0,0.0,0.0,1.0,0.0,0.0,0.0,73.0,0.0
19:20,93.0,82.0,90.0,71.0,9.0,10.0,7.0,11.0,23.0,22.0,11.0,17.0,92.0,81.0,89.0,70.0,3.0,1.0,4.0,4.0,97.0,80.0,91.0,74.0,0.0,1.0,0.0,0.0,0.0,91.0,0.0,0.0
19:21,98.0,93.0,90.0,68.0,5.0,5.0,2.0,6.0,18.0,14.0,8.0,14.0,97.0,93.0,89.0,67.0,0.0,1.0,0.0,0.0,0.0,89.0,0.0,0.0,0.0,0.0,0.0,0.0,0.0,0.0,0.0,0.0
19:22,97.0,85.0,88.0,81.0,2.0,3.0,4.0,1.0,5.0,7.0,6.0,6.0,94.0,86.0,84.0,80.0,0.0,2.0,3.0,0.0,0.0,78.0,96.0,0.0,1.0,0.0,1.0,0.0,109.0,0.0,84.0,0.0
19:23,89.0,79.0,82.0,69.0,5.0,7.0,6.0,10.0,18.0,10.0,5.0,23.0,88.0,78.0,84.0,68.0,0.0,4.0,4.0,1.0,0.0,79.0,78.0,76.0,0.0,0.0,1.0,0.0,0.0,0.0,87.0,0.0
19:24,86.0,77.0,76.0,75.0,4.0,6.0,4.0,4.0,12.0,9.0,8.0,10.0,84.0,77.0,75.0,74.0,2.0,1.0,1.0,0.0,96.0,70.0,78.0,0.0,0.0,2.0,1.0,0.0,0.0,78.0,75.0,0.0
19:25,86.0,79.0,78.0,65.0,3.0,6.0,5.0,6.0,13.0,16.0,7.0,11.0,85.0,78.0,78.0,65.0,0.0,0.0,3.0,1.0,0.0,0.0,77.0,56.0,0.0,0.0,0.0,0.0,0.0,0.0,0.0,0.0
19:26,85.0,79.0,84.0,73.0,2.0,5.0,6.0,7.0,9.0,8.0,8.0,17.0,84.0,77.0,81.0,72.0,0.0,1.0,0.0,0.0,0.0,96.0,0.0,0.0,0.0,1.0,3.0,0.0,0.0,73.0,91.0,0.0
19:27,88.0,83.0,79.0,71.0,9.0,10.0,6.0,8.0,23.0,21.0,14.0,19.0,88.0,82.0,78.0,70.0,0.0,3.0,0.0,0.0,0.0,85.0,0.0,0.0,1.0,0.0,1.0,0.0,86.0,0.0,78.0,0.0
19:28,87.0,78.0,77.0,66.0,8.0,10.0,8.0,13.0,23.0,25.0,15.0,22.0,86.0,78.0,77.0,66.0,1.0,1.0,1.0,2.0,87.0,74.0,58.0,62.0,0.0,0.0,1.0,1.0,0.0,0.0,79.0,64.0
19:29,96.0,95.0,90.0,72.0,6.0,6.0,7.0,8.0,19.0,14.0,13.0,19.0,95.0,93.0,94.0,71.0,0.0,2.0,4.0,0.0,0.0,102.0,76.0,0.0,0.0,1.0,0.0,0.0,0.0,102.0,0.0,0.0
19:30,88.0,86.0,92.0,77.0,7.0,9.0,5.0,8.0,17.0,21.0,10.0,21.0,88.0,85.0,94.0,76.0,2.0,2.0,3.0,0.0,86.0,88.0,85.0,0.0,0.0,0.0,0.0,0.0,0.0,0.0,0.0,0.0
19:31,83.0,80.0,80.0,71.0,11.0,12.0,9.0,9.0,29.0,25.0,15.0,21.0,81.0,78.0,80.0,70.0,1.0,2.0,2.0,0.0,111.0,89.0,74.0,0.0,0.0,1.0,1.0,0.0,0.0,97.0,84.0,0.0
19:32,81.0,81.0,82.0,64.0,8.0,9.0,9.0,12.0,19.0,23.0,16.0,25.0,80.0,81.0,82.0,63.0,1.0,0.0,2.0,1.0,100.0,0.0,73.0,73.0,1.0,1.0,1.0,0.0,79.0,79.0,86.0,0.0
19:33,94.0,90.0,88.0,85.0,8.0,7.0,10.0,5.0,25.0,19.0,9.0,13.0,93.0,88.0,85.0,84.0,0.0,2.0,1.0,0.0,0.0,102.0,90.0,0.0,0.0,0.0,6.0,0.0,0.0,0.0,92.0,0.0
19:34,90.0,89.0,90.0,69.0,6.0,10.0,6.0,13.0,21.0,17.0,16.0,23.0,89.0,86.0,89.0,69.0,0.0,4.0,2.0,3.0,0.0,93.0,90.0,67.0,0.0,1.0,0.0,0.0,0.0,103.0,0.0,0.0
19:35,88.0,84.0,77.0,57.0,8.0,9.0,7.0,11.0,21.0,17.0,11.0,18.0,87.0,84.0,75.0,56.0,2.0,4.0,1.0,1.0,93.0,80.0,98.0,62.0,0.0,0.0,2.0,0.0,0.0,0.0,76.0,0.0
19:36,85.0,72.0,74.0,46.0,10.0,12.0,9.0,23.0,27.0,25.0,13.0,32.0,85.0,71.0,73.0,45.0,1.0,2.0,2.0,0.0,76.0,72.0,77.0,0.0,0.0,0.0,1.0,0.0,0.0,0.0,75.0,0.0
19:37,86.0,79.0,82.0,78.0,8.0,8.0,9.0,9.0,24.0,20.0,11.0,17.0,85.0,78.0,83.0,77.0,1.0,1.0,4.0,2.0,89.0,84.0,78.0,85.0,0.0,0.0,1.0,1.0,0.0,0.0,79.0,75.0
19:38,96.0,84.0,80.0,75.0,7.0,8.0,8.0,12.0,25.0,21.0,11.0,23.0,95.0,84.0,80.0,74.0,0.0,1.0,3.0,1.0,0.0,73.0,75.0,87.0,0.0,0.0,1.0,1.0,0.0,0.0,82.0,85.0
19:39,79.0,75.0,76.0,64.0,11.0,16.0,8.0,11.0,27.0,24.0,14.0,22.0,78.0,73.0,76.0,64.0,2.0,3.0,1.0,1.0,78.0,81.0,70.0,54.0,0.0,2.0,1.0,0.0,0.0,77.0,69.0,0.0
19:40,83.0,80.0,78.0,68.0,8.0,7.0,6.0,11.0,23.0,16.0,11.0,26.0,82.0,79.0,77.0,67.0,1.0,2.0,1.0,0.0,98.0,84.0,71.0,0.0,0.0,0.0,1.0,0.0,0.0,0.0,89.0,0.0
19:41,88.0,86.0,90.0,77.0,6.0,8.0,7.0,9.0,20.0,19.0,13.0,16.0,87.0,85.0,91.0,77.0,0.0,1.0,2.0,2.0,0.0,94.0,82.0,74.0,0.0,0.0,1.0,0.0,0.0,0.0,78.0,0.0
19:42,87.0,85.0,84.0,72.0,7.0,9.0,12.0,7.0,22.0,23.0,19.0,14.0,86.0,85.0,81.0,71.0,0.0,2.0,5.0,0.0,0.0,83.0,92.0,0.0,0.0,0.0,1.0,1.0,0.0,0.0,90.0,75.0
19:43,87.0,81.0,81.0,76.0,11.0,10.0,9.0,7.0,29.0,22.0,19.0,18.0,86.0,80.0,80.0,75.0,3.0,1.0,1.0,0.0,90.0,89.0,78.0,0.0,0.0,1.0,1.0,0.0,0.0,83.0,86.0,0.0
19:44,93.0,92.0,83.0,58.0,7.0,7.0,5.0,16.0,22.0,15.0,5.0,27.0,92.0,90.0,80.0,56.0,0.0,0.0,3.0,1.0,0.0,0.0,87.0,111.0,0.0,2.0,1.0,0.0,0.0,99.0,85.0,0.0
19:45,95.0,92.0,86.0,80.0,8.0,7.0,4.0,7.0,21.0,21.0,9.0,13.0,94.0,91.0,85.0,80.0,2.0,1.0,0.0,2.0,94.0,94.0,0.0,78.0,0.0,0.0,1.0,0.0,0.0,0.0,86.0,0.0
19:46,94.0,89.0,86.0,71.0,8.0,11.0,8.0,10.0,25.0,22.0,18.0,23.0,94.0,88.0,85.0,70.0,1.0,3.0,1.0,0.0,90.0,90.0,90.0,0.0,0.0,1.0,1.0,0.0,0.0,90.0,83.0,0.0
19:47,87.0,82.0,86.0,64.0,9.0,10.0,9.0,12.0,26.0,24.0,13.0,23.0,86.0,82.0,84.0,63.0,0.0,1.0,4.0,0.0,0.0,79.0,86.0,0.0,0.0,0.0,2.0,0.0,0.0,0.0,97.0,0.0
19:48,77.0,79.0,79.0,72.0,10.0,9.0,10.0,8.0,27.0,22.0,14.0,17.0,76.0,78.0,80.0,72.0,0.0,2.0,3.0,1.0,0.0,82.0,71.0,71.0,0.0,0.0,2.0,0.0,0.0,0.0,76.0,0.0
19:49,93.0,89.0,100.0,71.0,7.0,6.0,7.0,6.0,21.0,15.0,4.0,12.0,93.0,88.0,105.0,71.0,1.0,2.0,5.0,1.0,91.0,90.0,95.0,60.0,0.0,0.0,2.0,0.0,0.0,0.0,97.0,0.0
19:50,89.0,78.0,85.0,76.0,7.0,9.0,7.0,11.0,19.0,21.0,11.0,17.0,88.0,77.0,84.0,75.0,1.0,0.0,1.0,4.0,98.0,0.0,85.0,75.0,0.0,1.0,2.0,0.0,0.0,80.0,87.0,0.0
19:51,79.0,73.0,72.0,71.0,12.0,12.0,13.0,10.0,26.0,24.0,16.0,21.0,78.0,73.0,70.0,70.0,1.0,2.0,5.0,1.0,85.0,68.0,73.0,78.0,1.0,0.0,2.0,0.0,74.0,0.0,78.0,0.0
19:52,83.0,74.0,78.0,66.0,11.0,11.0,10.0,12.0,26.0,22.0,19.0,24.0,82.0,73.0,77.0,65.0,2.0,2.0,2.0,1.0,84.0,80.0,79.0,88.0,0.0,0.0,1.0,0.0,0.0,0.0,90.0,0.0
19:53,97.0,90.0,86.0,84.0,7.0,8.0,7.0,6.0,22.0,22.0,11.0,17.0,96.0,89.0,84.0,83.0,0.0,0.0,1.0,0.0,0.0,0.0,97.0,0.0,1.0,0.0,2.0,0.0,103.0,0.0,86.0,0.0
19:54,91.0,79.0,80.0,80.0,8.0,9.0,7.0,8.0,21.0,18.0,15.0,19.0,90.0,79.0,79.0,79.0,1.0,3.0,1.0,0.0,91.0,76.0,79.0,0.0,0.0,0.0,0.0,0.0,0.0,0.0,0.0,0.0
19:55,92.0,82.0,86.0,75.0,8.0,8.0,7.0,8.0,27.0,20.0,11.0,18.0,91.0,82.0,87.0,74.0,0.0,1.0,4.0,0.0,0.0,81.0,82.0,0.0,0.0,0.0,0.0,0.0,0.0,0.0,0.0,0.0
19:56,88.0,84.0,82.0,76.0,9.0,9.0,9.0,7.0,27.0,25.0,15.0,17.0,88.0,83.0,83.0,75.0,1.0,0.0,1.0,0.0,83.0,0.0,80.0,0.0,0.0,0.0,2.0,0.0,0.0,0.0,73.0,0.0
19:57,93.0,88.0,85.0,79.0,6.0,9.0,13.0,10.0,17.0,21.0,11.0,16.0,92.0,88.0,80.0,79.0,1.0,0.0,2.0,1.0,104.0,0.0,83.0,72.0,0.0,1.0,7.0,2.0,0.0,82.0,91.0,79.0
19:58,92.0,88.0,87.0,67.0,7.0,12.0,8.0,12.0,21.0,23.0,14.0,22.0,91.0,87.0,88.0,67.0,1.0,3.0,1.0,1.0,92.0,92.0,86.0,59.0,0.0,1.0,2.0,0.0,0.0,82.0,76.0,0.0
19:59,96.0,85.0,82.0,77.0,7.0,7.0,5.0,10.0,19.0,20.0,10.0,24.0,95.0,84.0,80.0,76.0,3.0,0.0,1.0,0.0,97.0,0.0,94.0,0.0,0.0,0.0,0.0,0.0,0.0,0.0,0.0,0.0
20:00,94.0,88.0,83.0,84.0,7.0,6.0,10.0,6.0,21.0,17.0,10.0,15.0,93.0,87.0,83.0,83.0,0.0,1.0,5.0,0.0,0.0,95.0,83.0,0.0,0.0,0.0,2.0,0.0,0.0,0.0,81.0,0.0
